Date(UTC);Pair;Side;Price;Executed;Amount;Fee
2021-07-28 19:59:08;BTCUSDT;BUY;40,288.6600000000;0.0074470000BTC;300.02965102USDT;0.0007175400BNB
2021-07-28 19:59:08;BTCUSDT;BUY;40,288.6200000000;0.0002490000BTC;10.03186638USDT;0.0000240700BNB
2021-07-28 19:59:08;BTCUSDT;BUY;40,288.6200000000;0.0003030000BTC;12.20745186USDT;0.0000288900BNB
2021-07-28 19:59:08;BTCUSDT;BUY;40,292.8100000000;0.1244040000BTC;5,012.58673524USDT;0.0119815000BNB
2021-07-28 19:59:08;BTCUSDT;BUY;40,288.6200000000;0.0008410000BTC;33.88272942USDT;0.0000809000BNB
2021-07-28 19:59:08;BTCUSDT;BUY;40,288.6200000000;0.0014350000BTC;57.81416970USDT;0.0001386900BNB
2021-07-28 19:59:08;BTCUSDT;BUY;40,288.6100000000;0.0014340000BTC;57.77386674USDT;0.0001377200BNB
2021-07-28 19:59:08;BTCUSDT;BUY;40,288.6100000000;0.0011880000BTC;47.86286868USDT;0.0001146000BNB
2021-07-28 19:59:08;BTCUSDT;BUY;40,288.6200000000;0.0008260000BTC;33.27840012USDT;0.0000799300BNB
2021-07-28 19:59:08;BTCUSDT;BUY;40,288.6200000000;0.0002910000BTC;11.72398842USDT;0.0000279300BNB
2021-07-28 19:59:08;BTCUSDT;BUY;40,288.6100000000;0.0004150000BTC;16.71977315USDT;0.0000404400BNB
2021-07-28 19:59:08;BTCUSDT;BUY;40,288.6100000000;0.0019140000BTC;77.11239954USDT;0.0001839600BNB
2021-07-28 19:59:08;BTCUSDT;BUY;40,288.6200000000;0.0017020000BTC;68.57123124USDT;0.0001637300BNB
2021-07-28 19:59:08;BTCUSDT;BUY;40,288.6100000000;0.0003000000BTC;12.08658300USDT;0.0000288900BNB
2021-07-28 19:59:08;BTCUSDT;BUY;40,288.6200000000;0.0003690000BTC;14.86650078USDT;0.0000356300BNB
2021-07-28 19:59:08;BTCUSDT;BUY;40,288.6100000000;0.0007010000BTC;28.24231561USDT;0.0000674100BNB
2021-07-28 19:59:08;BTCUSDT;BUY;40,288.6100000000;0.0009300000BTC;37.46840730USDT;0.0000895600BNB
2021-07-28 19:59:08;BTCUSDT;BUY;40,288.6100000000;0.0005100000BTC;20.54719110USDT;0.0000491100BNB
2021-07-28 19:59:08;BTCUSDT;BUY;40,288.6100000000;0.0023050000BTC;92.86524605USDT;0.0002224800BNB
2021-07-28 19:59:08;BTCUSDT;BUY;40,288.6200000000;0.0002730000BTC;10.99879326USDT;0.0000260000BNB
2021-07-28 19:59:08;BTCUSDT;BUY;40,288.6200000000;0.0002550000BTC;10.27359810USDT;0.0000250300BNB
2021-07-28 19:59:08;BTCUSDT;BUY;40,288.6200000000;0.0020390000BTC;82.14849618USDT;0.0001964700BNB
2021-07-28 19:59:08;BTCUSDT;BUY;40,288.6200000000;0.0023210000BTC;93.50988702USDT;0.0002234400BNB
2021-07-28 19:59:08;BTCUSDT;BUY;40,288.6200000000;0.0002820000BTC;11.36139084USDT;0.0000269600BNB
2021-07-28 19:59:08;BTCUSDT;BUY;40,288.6200000000;0.0005100000BTC;20.54719620USDT;0.0000491100BNB
2021-07-28 19:59:08;BTCUSDT;BUY;40,288.6100000000;0.0020050000BTC;80.77866305USDT;0.0001935900BNB
2021-07-28 19:59:08;BTCUSDT;BUY;40,288.6200000000;0.0003500000BTC;14.10101700USDT;0.0000337000BNB
2021-07-28 19:59:08;BTCUSDT;BUY;40,288.6100000000;0.0004510000BTC;18.17016311USDT;0.0000433300BNB
2021-07-28 19:59:08;BTCUSDT;BUY;40,288.6200000000;0.0007110000BTC;28.64520882USDT;0.0000683700BNB
2021-07-28 19:59:08;BTCUSDT;BUY;40,288.6600000000;0.0024830000BTC;100.03674278USDT;0.0002388500BNB
2021-07-28 19:59:08;BTCUSDT;BUY;40,288.6200000000;0.0008580000BTC;34.56763596USDT;0.0000828300BNB
2021-07-28 19:59:08;BTCUSDT;BUY;40,288.6100000000;0.0011780000BTC;47.45998258USDT;0.0001136400BNB
2021-07-28 19:59:08;BTCUSDT;BUY;40,288.6200000000;0.0020520000BTC;82.67224824USDT;0.0001974300BNB
2021-07-28 19:59:08;BTCUSDT;BUY;40,288.6200000000;0.0007420000BTC;29.89415604USDT;0.0000712700BNB
2021-07-28 19:59:08;BTCUSDT;BUY;40,288.6200000000;0.0022060000BTC;88.87669572USDT;0.0002128500BNB
2021-07-28 19:59:08;BTCUSDT;BUY;40,288.6200000000;0.0005540000BTC;22.31989548USDT;0.0000529700BNB
2021-07-28 19:59:08;BTCUSDT;BUY;40,288.6200000000;0.0025830000BTC;104.06550546USDT;0.0002484900BNB
2021-07-28 19:59:08;BTCUSDT;BUY;40,288.6100000000;0.0002680000BTC;10.79734748USDT;0.0000260000BNB
2021-07-28 19:59:08;BTCUSDT;BUY;40,288.6200000000;0.0003450000BTC;13.89957390USDT;0.0000337000BNB
2021-07-28 19:59:08;BTCUSDT;BUY;40,288.6200000000;0.0002790000BTC;11.24052498USDT;0.0000269600BNB
2021-07-28 19:59:08;BTCUSDT;BUY;40,288.6100000000;0.0114300000BTC;460.49881230USDT;0.0011008700BNB
2021-07-28 19:59:08;BTCUSDT;BUY;40,288.6200000000;0.0002810000BTC;11.32110222USDT;0.0000269600BNB
2021-07-28 19:59:08;BTCUSDT;BUY;40,288.6200000000;0.0005600000BTC;22.56162720USDT;0.0000539300BNB
2021-07-28 19:59:08;BTCUSDT;BUY;40,288.6200000000;0.0084490000BTC;340.39855038USDT;0.0008138500BNB
2021-07-28 19:59:08;BTCUSDT;BUY;40,288.6200000000;0.0006300000BTC;25.38183060USDT;0.0000606700BNB
2021-07-28 19:59:08;BTCUSDT;BUY;40,288.6100000000;0.0130500000BTC;525.76636050USDT;0.0012569000BNB
2021-07-28 19:59:08;BTCUSDT;BUY;40,288.6200000000;0.0008420000BTC;33.92301804USDT;0.0000809000BNB
2021-07-28 19:59:08;BTCUSDT;BUY;40,288.6100000000;0.0006720000BTC;27.07394592USDT;0.0000645300BNB
2021-07-28 19:59:08;BTCUSDT;BUY;40,288.6100000000;0.0013530000BTC;54.51048933USDT;0.0001300200BNB
2021-07-28 19:59:08;BTCUSDT;BUY;40,288.6100000000;0.0008400000BTC;33.84243240USDT;0.0000809000BNB
2021-07-28 19:59:08;BTCUSDT;BUY;40,288.6100000000;0.0002520000BTC;10.15272972USDT;0.0000240700BNB
2021-07-28 19:59:08;BTCUSDT;BUY;40,288.6100000000;0.0009930000BTC;40.00658973USDT;0.0000953400BNB
2021-07-28 19:59:08;BTCUSDT;BUY;40,288.6200000000;0.0006870000BTC;27.67828194USDT;0.0000664500BNB
2021-07-28 19:59:08;BTCUSDT;BUY;40,288.6200000000;0.0034630000BTC;139.51949106USDT;0.0003332400BNB
2021-07-28 19:59:08;BTCUSDT;BUY;40,288.6200000000;0.0016230000BTC;65.38843026USDT;0.0001560200BNB
2021-07-28 19:59:08;BTCUSDT;BUY;40,288.6100000000;0.0052090000BTC;209.86336949USDT;0.0005017900BNB
2021-07-28 19:59:08;BTCUSDT;BUY;40,288.6200000000;0.0029110000BTC;117.28017282USDT;0.0002802600BNB
2021-07-28 19:59:08;BTCUSDT;BUY;40,288.6100000000;0.0016200000BTC;65.26754820USDT;0.0001560200BNB
2021-07-28 19:59:08;BTCUSDT;BUY;40,288.6200000000;0.0004580000BTC;18.45218796USDT;0.0000443000BNB
2021-07-28 19:59:08;BTCUSDT;BUY;40,288.6100000000;0.0024320000BTC;97.98189952USDT;0.0002340300BNB
2021-07-28 19:59:08;BTCUSDT;BUY;40,288.6100000000;0.0004740000BTC;19.09680114USDT;0.0000452600BNB
2021-07-28 19:59:08;BTCUSDT;BUY;40,288.6200000000;0.0028870000BTC;116.31324594USDT;0.0002783400BNB
2021-07-28 17:55:09;BTCUSDT;SELL;39,012.9800000000;0.0176230000BTC;687.52574654USDT;0.0016648900BNB
2021-07-28 17:55:09;BTCUSDT;SELL;39,015.1900000000;0.0028110000BTC;109.67169909USDT;0.0002655700BNB
2021-07-28 13:02:09;BTCUSDT;SELL;39,780.2700000000;0.2142910000BTC;8,524.55383857USDT;0.0204374400BNB
2021-07-28 13:02:09;BTCUSDT;SELL;39,784.0900000000;0.0063860000BTC;254.06119874USDT;0.0006091000BNB
2021-07-28 13:02:09;BTCUSDT;SELL;39,784.0900000000;0.0186140000BTC;740.54105126USDT;0.0017754300BNB
2021-07-27 13:17:08;BTCUSDT;BUY;38,230.2500000000;0.0255620000BTC;977.24165050USDT;0.0023258800BNB
2021-07-27 13:16:08;BTCUSDT;BUY;38,247.9400000000;0.0504670000BTC;1,930.25878798USDT;0.0045926300BNB
2021-07-27 13:16:08;BTCUSDT;BUY;38,247.9400000000;0.1934370000BTC;7,398.56676978USDT;0.0176025200BNB
2021-07-26 20:06:07;BTCUSDT;SELL;38,655.4100000000;0.0270010000BTC;1,043.73472541USDT;0.0024992100BNB
2021-07-26 20:03:09;BTCUSDT;SELL;38,474.1300000000;0.2337080000BTC;8,991.71197404USDT;0.0214314700BNB
2021-07-26 20:03:09;BTCUSDT;SELL;38,479.7400000000;0.0010390000BTC;39.98044986USDT;0.0000952800BNB
2021-07-26 17:30:09;BTCUSDT;BUY;39,132.0200000000;0.0250610000BTC;980.68755322USDT;0.0023095300BNB
2021-07-26 16:02:08;BTCUSDT;BUY;38,514.5000000000;0.0819700000BTC;3,157.03356500USDT;0.0074509100BNB
2021-07-26 16:02:08;BTCUSDT;BUY;38,514.5000000000;0.1280240000BTC;4,930.78034800USDT;0.0116367600BNB
2021-07-26 13:17:08;BTCUSDT;SELL;38,046.2000000000;0.0070090000BTC;266.66581580USDT;0.0006322900BNB
2021-07-26 13:17:08;BTCUSDT;SELL;38,046.2000000000;0.0476030000BTC;1,811.11325860USDT;0.0042944000BNB
2021-07-26 13:17:08;BTCUSDT;SELL;38,046.2000000000;0.0352210000BTC;1,340.02521020USDT;0.0031773800BNB
2021-07-26 13:17:08;BTCUSDT;SELL;38,046.2000000000;0.0190400000BTC;724.39964800USDT;0.0017176500BNB
2021-07-26 13:17:08;BTCUSDT;SELL;38,046.2000000000;0.0966620000BTC;3,677.62178440USDT;0.0087201500BNB
2021-07-26 13:17:08;BTCUSDT;SELL;38,046.2000000000;0.0133450000BTC;507.72653900USDT;0.0012038800BNB
2021-07-26 13:17:08;BTCUSDT;SELL;38,046.2000000000;0.0103180000BTC;392.56069160USDT;0.0009308100BNB
2021-07-26 12:50:09;BTCUSDT;BUY;38,653.2900000000;0.0004450000BTC;17.20071405USDT;0.0000408400BNB
2021-07-26 12:50:09;BTCUSDT;BUY;38,653.2900000000;0.0003300000BTC;12.75558570USDT;0.0000299500BNB
2021-07-26 12:50:09;BTCUSDT;BUY;38,653.2900000000;0.0003320000BTC;12.83289228USDT;0.0000299500BNB
2021-07-26 12:50:09;BTCUSDT;BUY;38,653.2900000000;0.0004390000BTC;16.96879431USDT;0.0000399300BNB
2021-07-26 12:50:09;BTCUSDT;BUY;38,653.2900000000;0.0003670000BTC;14.18575743USDT;0.0000335800BNB
2021-07-26 12:50:09;BTCUSDT;BUY;38,653.2900000000;0.0002680000BTC;10.35908172USDT;0.0000245000BNB
2021-07-26 12:50:09;BTCUSDT;BUY;38,653.2900000000;0.0002780000BTC;10.74561462USDT;0.0000254100BNB
2021-07-26 12:50:09;BTCUSDT;BUY;38,653.2900000000;0.0005510000BTC;21.29796279USDT;0.0000499200BNB
2021-07-26 12:50:09;BTCUSDT;BUY;38,653.2900000000;0.0007420000BTC;28.68074118USDT;0.0000671700BNB
2021-07-26 12:50:09;BTCUSDT;BUY;38,653.2900000000;0.0003880000BTC;14.99747652USDT;0.0000354000BNB
2021-07-26 12:50:09;BTCUSDT;BUY;38,653.2900000000;0.0002700000BTC;10.43638830USDT;0.0000245000BNB
2021-07-26 12:50:09;BTCUSDT;BUY;38,653.2900000000;0.0003480000BTC;13.45134492USDT;0.0000317700BNB
2021-07-26 12:50:09;BTCUSDT;BUY;38,653.2900000000;0.0002860000BTC;11.05484094USDT;0.0000263200BNB
2021-07-26 12:50:09;BTCUSDT;BUY;38,653.2900000000;0.0003160000BTC;12.21443964USDT;0.0000290400BNB
2021-07-26 12:50:09;BTCUSDT;BUY;38,653.2900000000;0.0002980000BTC;11.51868042USDT;0.0000272300BNB
2021-07-26 12:50:09;BTCUSDT;BUY;38,653.2900000000;0.0002840000BTC;10.97753436USDT;0.0000254100BNB
2021-07-26 12:50:09;BTCUSDT;BUY;38,653.2900000000;0.0002640000BTC;10.20446856USDT;0.0000235900BNB
2021-07-26 12:50:09;BTCUSDT;BUY;38,653.2900000000;0.0003850000BTC;14.88151665USDT;0.0000354000BNB
2021-07-26 12:50:09;BTCUSDT;BUY;38,653.2900000000;0.0002800000BTC;10.82292120USDT;0.0000254100BNB
2021-07-26 12:50:09;BTCUSDT;BUY;38,653.2900000000;0.0007410000BTC;28.64208789USDT;0.0000671700BNB
2021-07-26 12:50:09;BTCUSDT;BUY;38,653.2900000000;0.0006310000BTC;24.39022599USDT;0.0000571800BNB
2021-07-26 12:50:09;BTCUSDT;BUY;38,653.2900000000;0.0004130000BTC;15.96380877USDT;0.0000372100BNB
2021-07-26 12:50:09;BTCUSDT;BUY;38,653.0000000000;0.0000270000BTC;1.04363100USDT;0.0000027200BNB
2021-07-26 12:50:09;BTCUSDT;BUY;38,653.2900000000;0.0002830000BTC;10.93888107USDT;0.0000254100BNB
2021-07-26 12:50:09;BTCUSDT;BUY;38,653.2900000000;0.0005340000BTC;20.64085686USDT;0.0000481000BNB
2021-07-26 12:50:09;BTCUSDT;BUY;38,653.2900000000;0.0002670000BTC;10.32042843USDT;0.0000245000BNB
2021-07-26 12:50:09;BTCUSDT;BUY;38,653.2900000000;0.0003590000BTC;13.87653111USDT;0.0000326700BNB
2021-07-26 12:50:09;BTCUSDT;BUY;38,653.2900000000;0.0003880000BTC;14.99747652USDT;0.0000354000BNB
2021-07-26 12:50:09;BTCUSDT;BUY;38,653.2900000000;0.0003450000BTC;13.33538505USDT;0.0000317700BNB
2021-07-26 12:50:09;BTCUSDT;BUY;38,653.2900000000;0.0005470000BTC;21.14334963USDT;0.0000499200BNB
2021-07-26 12:50:09;BTCUSDT;BUY;38,653.2900000000;0.0002690000BTC;10.39773501USDT;0.0000245000BNB
2021-07-26 12:50:09;BTCUSDT;BUY;38,653.2900000000;0.0005190000BTC;20.06105751USDT;0.0000471900BNB
2021-07-26 12:50:09;BTCUSDT;BUY;38,653.2900000000;0.0003150000BTC;12.17578635USDT;0.0000290400BNB
2021-07-26 12:50:09;BTCUSDT;BUY;38,653.2900000000;0.0003820000BTC;14.76555678USDT;0.0000344900BNB
2021-07-26 12:50:09;BTCUSDT;BUY;38,653.2900000000;0.0002810000BTC;10.86157449USDT;0.0000254100BNB
2021-07-26 12:50:09;BTCUSDT;BUY;38,653.2900000000;0.0002870000BTC;11.09349423USDT;0.0000263200BNB
2021-07-26 12:50:09;BTCUSDT;BUY;38,653.2900000000;0.0003160000BTC;12.21443964USDT;0.0000290400BNB
2021-07-26 12:50:09;BTCUSDT;BUY;38,653.2900000000;0.0005450000BTC;21.06604305USDT;0.0000499200BNB
2021-07-26 12:50:09;BTCUSDT;BUY;38,653.2900000000;0.0003060000BTC;11.82790674USDT;0.0000281400BNB
2021-07-26 12:50:09;BTCUSDT;BUY;38,653.2900000000;0.0008210000BTC;31.73435109USDT;0.0000744300BNB
2021-07-26 12:50:09;BTCUSDT;BUY;38,653.2900000000;0.0002630000BTC;10.16581527USDT;0.0000235900BNB
2021-07-26 12:50:09;BTCUSDT;BUY;38,653.2900000000;0.0003280000BTC;12.67827912USDT;0.0000299500BNB
2021-07-26 12:40:09;BTCUSDT;BUY;38,754.5500000000;0.0200000000BTC;775.09100000USDT;0.0018162000BNB
2021-07-26 12:40:09;BTCUSDT;BUY;38,750.1100000000;0.0051920000BTC;201.19057112USDT;0.0004713000BNB
2021-07-26 12:40:09;BTCUSDT;BUY;38,755.0000000000;0.0200000000BTC;775.10000000USDT;0.0018162000BNB
2021-07-26 12:40:09;BTCUSDT;BUY;38,752.9500000000;0.0674320000BTC;2,613.18892440USDT;0.0061233100BNB
2021-07-26 12:40:09;BTCUSDT;BUY;38,750.1100000000;0.0170000000BTC;658.75187000USDT;0.0015437700BNB
2021-07-26 12:40:09;BTCUSDT;BUY;38,752.9600000000;0.0100000000BTC;387.52960000USDT;0.0009081000BNB
2021-07-26 12:40:09;BTCUSDT;BUY;38,755.0000000000;0.0200000000BTC;775.10000000USDT;0.0018162000BNB
2021-07-26 12:40:09;BTCUSDT;BUY;38,750.1100000000;0.0008210000BTC;31.81384031USDT;0.0000744600BNB
2021-07-26 12:40:09;BTCUSDT;BUY;38,754.6300000000;0.0200000000BTC;775.09260000USDT;0.0018162000BNB
2021-07-26 12:40:09;BTCUSDT;BUY;38,755.0000000000;0.0171190000BTC;663.44684500USDT;0.0015546600BNB
2021-07-26 12:40:09;BTCUSDT;BUY;38,754.0000000000;0.0200000000BTC;775.08000000USDT;0.0018162000BNB
2021-07-26 07:45:08;BTCUSDT;SELL;38,098.2600000000;0.0191000000BTC;727.67676600USDT;0.0017276300BNB
2021-07-26 07:45:08;BTCUSDT;SELL;38,098.2600000000;0.0003250000BTC;12.38193450USDT;0.0000293900BNB
2021-07-26 07:45:08;BTCUSDT;SELL;38,098.2600000000;0.0150000000BTC;571.47390000USDT;0.0013567800BNB
2021-07-26 07:45:08;BTCUSDT;SELL;38,091.3500000000;0.1158470000BTC;4,412.76862345USDT;0.0104766900BNB
2021-07-26 07:45:08;BTCUSDT;SELL;38,098.2600000000;0.1050000000BTC;4,000.31730000USDT;0.0094974600BNB
2021-07-21 06:04:08;BTCUSDT;BUY;30,661.0000000000;0.0087140000BTC;267.17995400USDT;0.0007161900BNB
2021-07-21 06:04:08;BTCUSDT;BUY;30,658.5900000000;0.0110000000BTC;337.24449000USDT;0.0009045000BNB
2021-07-21 04:54:08;BTCUSDT;BUY;30,667.6400000000;0.0178670000BTC;547.93872388USDT;0.0014765300BNB
2021-07-21 04:53:09;BTCUSDT;BUY;30,663.2100000000;0.0182720000BTC;560.27817312USDT;0.0015085800BNB
2021-07-21 04:53:09;BTCUSDT;BUY;30,665.4200000000;0.1224100000BTC;3,753.75406220USDT;0.0101076100BNB
2021-07-21 04:53:09;BTCUSDT;BUY;30,663.2100000000;0.0182720000BTC;560.27817312USDT;0.0015085800BNB
2021-07-21 04:53:09;BTCUSDT;BUY;30,663.2100000000;0.0182720000BTC;560.27817312USDT;0.0015085800BNB
2021-07-21 04:53:09;BTCUSDT;BUY;30,663.2100000000;0.0182720000BTC;560.27817312USDT;0.0015085800BNB
2021-07-21 04:53:09;BTCUSDT;BUY;30,663.2100000000;0.0112920000BTC;346.24896732USDT;0.0009322300BNB
2021-07-21 04:53:09;BTCUSDT;BUY;30,663.2100000000;0.0182720000BTC;560.27817312USDT;0.0015085800BNB
2021-07-21 04:53:09;BTCUSDT;BUY;30,663.2100000000;0.0067170000BTC;205.96478157USDT;0.0005548800BNB
2021-07-21 04:53:09;BTCUSDT;BUY;30,663.2100000000;0.0082010000BTC;251.46898521USDT;0.0006770800BNB
2021-07-19 12:40:08;BTCUSDT;SELL;30,814.3100000000;0.0278980000BTC;859.65762038USDT;0.0022679200BNB
2021-07-19 12:38:10;BTCUSDT;SELL;30,726.1800000000;0.0120250000BTC;369.48231450USDT;0.0009748800BNB
2021-07-19 12:38:10;BTCUSDT;SELL;30,726.1800000000;0.0632170000BTC;1,942.41692106USDT;0.0051251200BNB
2021-07-19 12:38:10;BTCUSDT;SELL;30,726.1800000000;0.1738000000BTC;5,340.21008400USDT;0.0140903000BNB
2021-07-18 02:37:09;BTCUSDT;BUY;32,153.7900000000;0.0181740000BTC;584.36297946USDT;0.0014238300BNB
2021-07-18 01:48:08;BTCUSDT;BUY;32,157.4200000000;0.0196660000BTC;632.40782172USDT;0.0015452400BNB
2021-07-16 16:10:09;BTCUSDT;BUY;32,039.4800000000;0.2391000000BTC;7,660.63966800USDT;0.0184871100BNB
2021-07-15 12:04:10;BTCUSDT;SELL;32,094.9600000000;0.0747610000BTC;2,399.45130456USDT;0.0057689000BNB
2021-07-15 12:04:10;BTCUSDT;SELL;32,094.5000000000;0.1886560000BTC;6,054.81999200USDT;0.0145573500BNB
2021-07-14 14:44:09;BTCUSDT;BUY;32,807.4600000000;0.0209960000BTC;688.82543016USDT;0.0016591100BNB
2021-07-14 14:28:08;BTCUSDT;BUY;32,757.2900000000;0.0085000000BTC;278.43696500USDT;0.0006718900BNB
2021-07-14 14:28:08;BTCUSDT;BUY;32,757.2900000000;0.0251140000BTC;822.66658106USDT;0.0019848700BNB
2021-07-14 14:28:08;BTCUSDT;BUY;32,757.0700000000;0.2088070000BTC;6,839.90551549USDT;0.0165058400BNB
2021-07-14 03:29:08;BTCUSDT;SELL;31,781.5300000000;0.0044450000BTC;141.26890085USDT;0.0003604200BNB
2021-07-14 03:29:08;BTCUSDT;SELL;31,781.5300000000;0.0085000000BTC;270.14300500USDT;0.0006892300BNB
2021-07-14 03:29:08;BTCUSDT;SELL;31,781.5300000000;0.0145500000BTC;462.42126150USDT;0.0011798000BNB
2021-07-13 13:02:09;BTCUSDT;SELL;32,394.9900000000;0.2473290000BTC;8,012.22048171USDT;0.0196139700BNB
2021-07-13 13:02:09;BTCUSDT;SELL;32,396.5900000000;0.0018660000BTC;60.45203694USDT;0.0001479800BNB
2021-07-11 22:17:07;BTCUSDT;BUY;34,378.3100000000;0.0164510000BTC;565.55757781USDT;0.0013072100BNB
2021-07-11 22:16:09;BTCUSDT;BUY;34,418.0100000000;0.0163840000BTC;563.90467584USDT;0.0013006800BNB
2021-07-11 21:54:08;BTCUSDT;BUY;34,492.5000000000;0.0926370000BTC;3,195.28172250USDT;0.0073422700BNB
2021-07-11 21:54:08;BTCUSDT;BUY;34,492.5300000000;0.1181860000BTC;4,076.53415058USDT;0.0093672600BNB
2021-07-10 20:14:08;BTCUSDT;SELL;33,127.8700000000;0.0042230000BTC;139.89899501USDT;0.0003355600BNB
2021-07-10 20:14:08;BTCUSDT;SELL;33,128.8300000000;0.0554210000BTC;1,836.03288743USDT;0.0044039500BNB
2021-07-10 20:14:08;BTCUSDT;SELL;33,127.3300000000;0.0467400000BTC;1,548.37140420USDT;0.0037139600BNB
2021-07-10 20:14:08;BTCUSDT;SELL;33,134.8200000000;0.0787500000BTC;2,609.36707500USDT;0.0062588900BNB
2021-07-10 20:14:08;BTCUSDT;SELL;33,127.8700000000;0.0042230000BTC;139.89899501USDT;0.0003355600BNB
2021-07-10 20:14:08;BTCUSDT;SELL;33,127.8700000000;0.0042230000BTC;139.89899501USDT;0.0003355600BNB
2021-07-10 20:14:08;BTCUSDT;SELL;33,127.8700000000;0.0042230000BTC;139.89899501USDT;0.0003355600BNB
2021-07-10 20:14:08;BTCUSDT;SELL;33,127.8700000000;0.0042230000BTC;139.89899501USDT;0.0003355600BNB
2021-07-10 20:14:08;BTCUSDT;SELL;33,127.8700000000;0.0042230000BTC;139.89899501USDT;0.0003355600BNB
2021-07-10 20:14:08;BTCUSDT;SELL;33,127.8700000000;0.0042230000BTC;139.89899501USDT;0.0003355600BNB
2021-07-10 20:14:08;BTCUSDT;SELL;33,130.0000000000;0.0003380000BTC;11.19794000USDT;0.0000268500BNB
2021-07-10 20:14:08;BTCUSDT;SELL;33,127.8700000000;0.0042230000BTC;139.89899501USDT;0.0003355600BNB
2021-07-10 20:14:08;BTCUSDT;SELL;33,128.8400000000;0.0193970000BTC;642.60010948USDT;0.0015413500BNB
2021-07-10 20:14:08;BTCUSDT;SELL;33,127.8700000000;0.0042230000BTC;139.89899501USDT;0.0003355600BNB
2021-07-10 20:14:08;BTCUSDT;SELL;33,127.8700000000;0.0042230000BTC;139.89899501USDT;0.0003355600BNB
2021-07-10 20:14:08;BTCUSDT;SELL;33,127.3200000000;0.0111940000BTC;370.82722008USDT;0.0008894700BNB
2021-07-10 20:14:08;BTCUSDT;SELL;33,134.8200000000;0.0015080000BTC;49.96730856USDT;0.0001198500BNB
2021-07-10 20:14:08;BTCUSDT;SELL;33,130.1700000000;0.0003100000BTC;10.27035270USDT;0.0000246300BNB
2021-07-09 15:33:09;BTCUSDT;BUY;33,511.4100000000;0.0172570000BTC;578.30640237USDT;0.0013765300BNB
2021-07-09 15:32:09;BTCUSDT;BUY;33,540.0100000000;0.0205180000BTC;688.17392518USDT;0.0016346200BNB
2021-07-09 15:22:09;BTCUSDT;BUY;33,574.3600000000;0.0631240000BTC;2,119.34790064USDT;0.0050463600BNB
2021-07-09 15:22:09;BTCUSDT;BUY;33,573.2200000000;0.0158490000BTC;532.10196378USDT;0.0012671800BNB
2021-07-09 15:22:09;BTCUSDT;BUY;33,576.3500000000;0.0042450000BTC;142.53160575USDT;0.0003397800BNB
2021-07-09 15:22:09;BTCUSDT;BUY;33,574.0300000000;0.0019450000BTC;65.30148835USDT;0.0001558900BNB
2021-07-09 15:22:09;BTCUSDT;BUY;33,575.0200000000;0.0039150000BTC;131.44620330USDT;0.0003133900BNB
2021-07-09 15:22:09;BTCUSDT;BUY;33,571.0300000000;0.0791660000BTC;2,657.68416098USDT;0.0063295400BNB
2021-07-09 15:22:09;BTCUSDT;BUY;33,576.3400000000;0.0350010000BTC;1,175.20547634USDT;0.0027982000BNB
2021-07-09 15:22:09;BTCUSDT;BUY;33,573.2300000000;0.0452780000BTC;1,520.12870794USDT;0.0036200700BNB
2021-07-09 15:22:09;BTCUSDT;BUY;33,571.0300000000;0.0026220000BTC;88.02324066USDT;0.0002094600BNB
2021-07-08 07:45:08;BTCUSDT;SELL;32,516.5500000000;0.0156340000BTC;508.36374270USDT;0.0012182600BNB
2021-07-08 07:45:08;BTCUSDT;SELL;32,516.5500000000;0.0046130000BTC;149.99884515USDT;0.0003594600BNB
2021-07-08 00:30:09;BTCUSDT;SELL;33,300.0000000000;0.2721960000BTC;9,064.12680000USDT;0.0211830600BNB
2021-07-06 06:04:09;BTCUSDT;BUY;34,743.0700000000;0.0204520000BTC;710.56526764USDT;0.0016698300BNB
2021-07-06 05:32:10;BTCUSDT;BUY;34,737.4600000000;0.0192230000BTC;667.75819358USDT;0.0015609000BNB
2021-07-06 05:31:10;BTCUSDT;BUY;34,744.0400000000;0.2501170000BTC;8,690.07505268USDT;0.0202953500BNB
2021-07-05 11:29:10;BTCUSDT;SELL;33,722.3900000000;0.0005390000BTC;18.17636821USDT;0.0000455400BNB
2021-07-05 11:29:10;BTCUSDT;SELL;33,722.3900000000;0.0024840000BTC;83.76641676USDT;0.0002098900BNB
2021-07-05 11:29:10;BTCUSDT;SELL;33,722.3900000000;0.0004530000BTC;15.27624267USDT;0.0000382700BNB
2021-07-05 11:29:10;BTCUSDT;SELL;33,722.3900000000;0.0003910000BTC;13.18545449USDT;0.0000330300BNB
2021-07-05 11:29:10;BTCUSDT;SELL;33,722.3900000000;0.0038880000BTC;131.11265232USDT;0.0003285300BNB
2021-07-05 11:29:10;BTCUSDT;SELL;33,722.3900000000;0.0011930000BTC;40.23081127USDT;0.0001008000BNB
2021-07-05 11:29:10;BTCUSDT;SELL;33,721.4600000000;0.0148020000BTC;499.14505092USDT;0.0012507300BNB
2021-07-05 11:29:10;BTCUSDT;SELL;33,722.8300000000;0.0017210000BTC;58.03699043USDT;0.0001454200BNB
2021-07-05 11:29:10;BTCUSDT;SELL;33,726.5800000000;0.0016800000BTC;56.66065440USDT;0.0001419700BNB
2021-07-05 11:26:09;BTCUSDT;SELL;33,635.9900000000;0.0712670000BTC;2,397.13609933USDT;0.0060291900BNB
2021-07-05 11:26:09;BTCUSDT;SELL;33,635.9900000000;0.1974650000BTC;6,641.93076535USDT;0.0167055800BNB
2021-07-03 08:47:09;BTCUSDT;BUY;34,428.8400000000;0.0167030000BTC;575.06491452USDT;0.0014724900BNB
2021-07-03 08:20:10;BTCUSDT;BUY;34,441.9100000000;0.0068270000BTC;235.13491957USDT;0.0006020000BNB
2021-07-03 08:20:10;BTCUSDT;BUY;34,441.9100000000;0.0112610000BTC;387.85034851USDT;0.0009924700BNB
2021-07-02 23:34:08;BTCUSDT;BUY;33,662.2700000000;0.2473210000BTC;8,325.38627867USDT;0.0218018300BNB
2021-06-30 09:05:09;BTCUSDT;SELL;34,576.5300000000;0.0168040000BTC;581.02401012USDT;0.0014874000BNB
2021-06-30 04:02:09;BTCUSDT;SELL;35,192.5700000000;0.2500000000BTC;8,798.14250000USDT;0.0223618200BNB
2021-06-30 04:02:09;BTCUSDT;SELL;35,191.9000000000;0.0053980000BTC;189.96587620USDT;0.0004828200BNB
2021-06-29 11:47:10;BTCUSDT;BUY;35,580.0100000000;0.0195130000BTC;694.27273513USDT;0.0016975000BNB
2021-06-27 07:51:10;BTCUSDT;BUY;33,378.1400000000;0.0109710000BTC;366.19157394USDT;0.0009713600BNB
2021-06-27 07:51:10;BTCUSDT;BUY;33,378.1400000000;0.0053770000BTC;179.47425878USDT;0.0004763800BNB
2021-06-27 02:48:09;BTCUSDT;BUY;32,911.2300000000;0.0627600000BTC;2,065.50879480USDT;0.0054315600BNB
2021-06-27 02:48:09;BTCUSDT;BUY;32,905.0000000000;0.0500000000BTC;1,645.25000000USDT;0.0043272500BNB
2021-06-27 02:48:09;BTCUSDT;BUY;32,904.4600000000;0.0000030000BTC;0.09871338USDT;0.0000008600BNB
2021-06-27 02:48:09;BTCUSDT;BUY;32,911.2200000000;0.1400000000BTC;4,607.57080000USDT;0.0121163100BNB
2021-06-25 12:07:10;BTCUSDT;SELL;33,260.7800000000;0.0306500000BTC;1,019.44290700USDT;0.0026474100BNB
2021-06-25 10:01:09;BTCUSDT;SELL;33,821.7500000000;0.2385470000BTC;8,068.07699725USDT;0.0208448000BNB
2021-06-24 17:49:10;BTCUSDT;BUY;34,742.2100000000;0.0185990000BTC;646.17036379USDT;0.0015518900BNB
2021-06-24 12:40:09;BTCUSDT;BUY;33,897.0500000000;0.2501530000BTC;8,479.44874865USDT;0.0208969100BNB
2021-06-18 18:36:09;BTCUSDT;SELL;35,690.8700000000;0.0088390000BTC;315.47159993USDT;0.0007145000BNB
2021-06-16 18:15:09;BTCUSDT;SELL;38,797.1500000000;0.0160060000BTC;620.98718290USDT;0.0013287000BNB
2021-06-16 11:08:09;BTCUSDT;SELL;39,302.5200000000;0.0045330000BTC;178.15832316USDT;0.0003762700BNB
2021-06-16 11:08:09;BTCUSDT;SELL;39,302.4800000000;0.2063720000BTC;8,110.93140256USDT;0.0171305800BNB
2021-06-15 00:39:11;BTCUSDT;BUY;40,540.9100000000;0.0130080000BTC;527.35615728USDT;0.0010602400BNB
2021-06-14 22:27:11;BTCUSDT;BUY;40,144.0400000000;0.0002580000BTC;10.35716232USDT;0.0000213000BNB
2021-06-14 22:27:11;BTCUSDT;BUY;40,144.0400000000;0.0004550000BTC;18.26553820USDT;0.0000376800BNB
2021-06-14 22:27:11;BTCUSDT;BUY;40,144.0400000000;0.0002890000BTC;11.60162756USDT;0.0000237600BNB
2021-06-14 22:27:11;BTCUSDT;BUY;40,144.0400000000;0.0003100000BTC;12.44465240USDT;0.0000253900BNB
2021-06-14 22:27:11;BTCUSDT;BUY;40,144.0400000000;0.0002570000BTC;10.31701828USDT;0.0000213000BNB
2021-06-14 22:27:11;BTCUSDT;BUY;40,144.0400000000;0.0002870000BTC;11.52133948USDT;0.0000237600BNB
2021-06-14 22:27:11;BTCUSDT;BUY;40,144.0400000000;0.0002510000BTC;10.07615404USDT;0.0000204800BNB
2021-06-14 22:27:11;BTCUSDT;BUY;40,144.0400000000;0.0003230000BTC;12.96652492USDT;0.0000262100BNB
2021-06-14 22:27:11;BTCUSDT;BUY;40,144.0400000000;0.0002570000BTC;10.31701828USDT;0.0000213000BNB
2021-06-14 22:27:11;BTCUSDT;BUY;40,144.0400000000;0.0002610000BTC;10.47759444USDT;0.0000213000BNB
2021-06-14 22:27:11;BTCUSDT;BUY;40,144.0400000000;0.0002570000BTC;10.31701828USDT;0.0000213000BNB
2021-06-14 22:27:11;BTCUSDT;BUY;40,144.0400000000;0.0002630000BTC;10.55788252USDT;0.0000213000BNB
2021-06-14 22:27:11;BTCUSDT;BUY;40,144.0400000000;0.0003040000BTC;12.20378816USDT;0.0000245700BNB
2021-06-14 22:27:11;BTCUSDT;BUY;40,144.0400000000;0.0007520000BTC;30.18831808USDT;0.0000614400BNB
2021-06-14 22:27:11;BTCUSDT;BUY;40,144.0400000000;0.0003010000BTC;12.08335604USDT;0.0000245700BNB
2021-06-14 22:27:11;BTCUSDT;BUY;40,144.0400000000;0.0002510000BTC;10.07615404USDT;0.0000204800BNB
2021-06-14 22:27:11;BTCUSDT;BUY;40,144.0400000000;0.0002760000BTC;11.07975504USDT;0.0000229300BNB
2021-06-14 22:27:11;BTCUSDT;BUY;40,144.0400000000;0.0002540000BTC;10.19658616USDT;0.0000204800BNB
2021-06-14 22:27:11;BTCUSDT;BUY;40,144.0400000000;0.0004630000BTC;18.58669052USDT;0.0000376800BNB
2021-06-14 22:27:11;BTCUSDT;BUY;40,144.0400000000;0.0003140000BTC;12.60522856USDT;0.0000253900BNB
2021-06-14 22:27:11;BTCUSDT;BUY;40,144.0400000000;0.0002530000BTC;10.15644212USDT;0.0000204800BNB
2021-06-14 22:27:11;BTCUSDT;BUY;40,144.0400000000;0.0002570000BTC;10.31701828USDT;0.0000213000BNB
2021-06-14 22:27:11;BTCUSDT;BUY;40,144.0400000000;0.0007790000BTC;31.27220716USDT;0.0000639000BNB
2021-06-14 22:27:11;BTCUSDT;BUY;40,144.0400000000;0.0006460000BTC;25.93304984USDT;0.0000532500BNB
2021-06-14 22:27:11;BTCUSDT;BUY;40,144.0400000000;0.0003040000BTC;12.20378816USDT;0.0000245700BNB
2021-06-14 22:27:11;BTCUSDT;BUY;40,144.0400000000;0.0003010000BTC;12.08335604USDT;0.0000245700BNB
2021-06-14 22:27:11;BTCUSDT;BUY;40,144.0400000000;0.0003180000BTC;12.76580472USDT;0.0000262100BNB
2021-06-14 22:27:11;BTCUSDT;BUY;40,144.0400000000;0.0002920000BTC;11.72205968USDT;0.0000237600BNB
2021-06-14 22:27:11;BTCUSDT;BUY;40,144.0400000000;0.0003790000BTC;15.21459116USDT;0.0000311300BNB
2021-06-14 22:27:11;BTCUSDT;BUY;40,144.0400000000;0.0002730000BTC;10.95932292USDT;0.0000221100BNB
2021-06-14 22:27:11;BTCUSDT;BUY;40,144.0400000000;0.0002520000BTC;10.11629808USDT;0.0000204800BNB
2021-06-14 22:27:11;BTCUSDT;BUY;40,144.0400000000;0.0002530000BTC;10.15644212USDT;0.0000204800BNB
2021-06-14 22:27:11;BTCUSDT;BUY;40,144.0400000000;0.0009170000BTC;36.81208468USDT;0.0000753700BNB
2021-06-14 22:27:11;BTCUSDT;BUY;40,144.0400000000;0.0002510000BTC;10.07615404USDT;0.0000204800BNB
2021-06-14 22:27:11;BTCUSDT;BUY;40,144.0400000000;0.0194550000BTC;781.00229820USDT;0.0015943800BNB
2021-06-14 22:27:11;BTCUSDT;BUY;40,144.0400000000;0.0003470000BTC;13.92998188USDT;0.0000286700BNB
2021-06-14 22:27:11;BTCUSDT;BUY;40,144.0400000000;0.0003140000BTC;12.60522856USDT;0.0000253900BNB
2021-06-14 22:27:11;BTCUSDT;BUY;40,144.0400000000;0.0002910000BTC;11.68191564USDT;0.0000237600BNB
2021-06-14 22:27:11;BTCUSDT;BUY;40,144.0400000000;0.0002650000BTC;10.63817060USDT;0.0000221100BNB
2021-06-14 22:27:11;BTCUSDT;BUY;40,144.0400000000;0.0010410000BTC;41.78994564USDT;0.0000852000BNB
2021-06-14 22:27:11;BTCUSDT;BUY;40,144.0400000000;0.0002550000BTC;10.23673020USDT;0.0000213000BNB
2021-06-14 22:27:11;BTCUSDT;BUY;40,144.0400000000;0.0003800000BTC;15.25473520USDT;0.0000311300BNB
2021-06-14 22:27:11;BTCUSDT;BUY;40,144.0400000000;0.0005170000BTC;20.75446868USDT;0.0000426000BNB
2021-06-14 22:27:11;BTCUSDT;BUY;40,144.0400000000;0.0019920000BTC;79.96692768USDT;0.0001630400BNB
2021-06-14 22:27:11;BTCUSDT;BUY;40,144.0400000000;0.0002890000BTC;11.60162756USDT;0.0000237600BNB
2021-06-14 22:27:11;BTCUSDT;BUY;40,144.0400000000;0.0003000000BTC;12.04321200USDT;0.0000245700BNB
2021-06-14 22:27:11;BTCUSDT;BUY;40,144.0400000000;0.0002550000BTC;10.23673020USDT;0.0000213000BNB
2021-06-14 22:27:11;BTCUSDT;BUY;40,144.0400000000;0.0002530000BTC;10.15644212USDT;0.0000204800BNB
2021-06-14 22:27:11;BTCUSDT;BUY;40,144.0400000000;0.0004620000BTC;18.54654648USDT;0.0000376800BNB
2021-06-14 22:27:11;BTCUSDT;BUY;40,144.0400000000;0.0003020000BTC;12.12350008USDT;0.0000245700BNB
2021-06-14 22:27:11;BTCUSDT;BUY;40,144.0400000000;0.0003130000BTC;12.56508452USDT;0.0000253900BNB
2021-06-14 22:27:11;BTCUSDT;BUY;40,144.0400000000;0.0002830000BTC;11.36076332USDT;0.0000229300BNB
2021-06-14 22:27:11;BTCUSDT;BUY;40,144.0400000000;0.0004880000BTC;19.59029152USDT;0.0000401400BNB
2021-06-14 22:27:11;BTCUSDT;BUY;40,144.0400000000;0.0002690000BTC;10.79874676USDT;0.0000221100BNB
2021-06-14 22:27:11;BTCUSDT;BUY;40,144.0400000000;0.0004460000BTC;17.90424184USDT;0.0000368600BNB
2021-06-14 22:27:11;BTCUSDT;BUY;40,144.0400000000;0.0003000000BTC;12.04321200USDT;0.0000245700BNB
2021-06-14 22:27:11;BTCUSDT;BUY;40,144.0400000000;0.0004450000BTC;17.86409780USDT;0.0000368600BNB
2021-06-14 22:27:11;BTCUSDT;BUY;40,144.0400000000;0.0006860000BTC;27.53881144USDT;0.0000565200BNB
2021-06-14 22:27:11;BTCUSDT;BUY;40,144.0400000000;0.0002820000BTC;11.32061928USDT;0.0000229300BNB
2021-06-14 22:27:11;BTCUSDT;BUY;40,144.0400000000;0.0002570000BTC;10.31701828USDT;0.0000213000BNB
2021-06-14 22:27:11;BTCUSDT;BUY;40,144.0400000000;0.0002840000BTC;11.40090736USDT;0.0000229300BNB
2021-06-14 22:27:11;BTCUSDT;BUY;40,144.0400000000;0.0002510000BTC;10.07615404USDT;0.0000204800BNB
2021-06-14 22:27:11;BTCUSDT;BUY;40,144.0400000000;0.0002700000BTC;10.83889080USDT;0.0000221100BNB
2021-06-14 22:27:11;BTCUSDT;BUY;40,144.0400000000;0.0005260000BTC;21.11576504USDT;0.0000434100BNB
2021-06-14 22:27:11;BTCUSDT;BUY;40,144.0400000000;0.0004300000BTC;17.26193720USDT;0.0000352200BNB
2021-06-14 22:27:11;BTCUSDT;BUY;40,144.0400000000;0.0004440000BTC;17.82395376USDT;0.0000360400BNB
2021-06-14 22:27:11;BTCUSDT;BUY;40,144.0400000000;0.0002590000BTC;10.39730636USDT;0.0000213000BNB
2021-06-14 22:27:11;BTCUSDT;BUY;40,144.0400000000;0.0003780000BTC;15.17444712USDT;0.0000311300BNB
2021-06-14 22:27:11;BTCUSDT;BUY;40,144.0400000000;0.0002600000BTC;10.43745040USDT;0.0000213000BNB
2021-06-14 22:27:11;BTCUSDT;BUY;40,144.0400000000;0.0004690000BTC;18.82755476USDT;0.0000385000BNB
2021-06-14 22:27:11;BTCUSDT;BUY;40,144.0400000000;0.0004230000BTC;16.98092892USDT;0.0000344100BNB
2021-06-14 22:27:11;BTCUSDT;BUY;40,144.0400000000;0.0002670000BTC;10.71845868USDT;0.0000221100BNB
2021-06-14 22:27:11;BTCUSDT;BUY;40,144.0400000000;0.0003050000BTC;12.24393220USDT;0.0000253900BNB
2021-06-14 22:27:11;BTCUSDT;BUY;40,144.0400000000;0.0003790000BTC;15.21459116USDT;0.0000311300BNB
2021-06-14 22:27:11;BTCUSDT;BUY;40,144.0400000000;0.0003230000BTC;12.96652492USDT;0.0000262100BNB
2021-06-14 22:27:11;BTCUSDT;BUY;40,144.0400000000;0.0002560000BTC;10.27687424USDT;0.0000213000BNB
2021-06-14 22:27:11;BTCUSDT;BUY;40,144.0400000000;0.0002930000BTC;11.76220372USDT;0.0000237600BNB
2021-06-14 22:27:11;BTCUSDT;BUY;40,144.0400000000;0.0003960000BTC;15.89703984USDT;0.0000327600BNB
2021-06-14 22:27:11;BTCUSDT;BUY;40,144.0400000000;0.0002800000BTC;11.24033120USDT;0.0000229300BNB
2021-06-14 22:27:11;BTCUSDT;BUY;40,144.0400000000;0.0015610000BTC;62.66484644USDT;0.0001278000BNB
2021-06-14 22:27:11;BTCUSDT;BUY;40,144.0400000000;0.0002940000BTC;11.80234776USDT;0.0000237600BNB
2021-06-14 22:27:11;BTCUSDT;BUY;40,144.0400000000;0.0002530000BTC;10.15644212USDT;0.0000204800BNB
2021-06-14 22:27:11;BTCUSDT;BUY;40,144.0400000000;0.0003300000BTC;13.24753320USDT;0.0000270300BNB
2021-06-14 22:27:11;BTCUSDT;BUY;40,144.0400000000;0.0002890000BTC;11.60162756USDT;0.0000237600BNB
2021-06-14 22:27:11;BTCUSDT;BUY;40,144.0400000000;0.0002580000BTC;10.35716232USDT;0.0000213000BNB
2021-06-14 22:27:11;BTCUSDT;BUY;40,144.0400000000;0.0003020000BTC;12.12350008USDT;0.0000245700BNB
2021-06-14 22:27:11;BTCUSDT;BUY;40,144.0400000000;0.0002560000BTC;10.27687424USDT;0.0000213000BNB
2021-06-14 22:27:11;BTCUSDT;BUY;40,144.0400000000;0.0003150000BTC;12.64537260USDT;0.0000262100BNB
2021-06-14 22:27:11;BTCUSDT;BUY;40,144.0400000000;0.0007550000BTC;30.30875020USDT;0.0000622600BNB
2021-06-14 22:27:11;BTCUSDT;BUY;40,144.0400000000;0.0003230000BTC;12.96652492USDT;0.0000262100BNB
2021-06-14 22:27:11;BTCUSDT;BUY;40,144.0400000000;0.0007420000BTC;29.78687768USDT;0.0000606200BNB
2021-06-14 22:27:11;BTCUSDT;BUY;40,144.0400000000;0.0002510000BTC;10.07615404USDT;0.0000204800BNB
2021-06-14 22:27:11;BTCUSDT;BUY;40,144.0400000000;0.0002600000BTC;10.43745040USDT;0.0000213000BNB
2021-06-14 22:27:11;BTCUSDT;BUY;40,144.0400000000;0.0002720000BTC;10.91917888USDT;0.0000221100BNB
2021-06-14 22:27:11;BTCUSDT;BUY;40,144.0400000000;0.0002640000BTC;10.59802656USDT;0.0000213000BNB
2021-06-14 22:27:11;BTCUSDT;BUY;40,144.0400000000;0.0002560000BTC;10.27687424USDT;0.0000213000BNB
2021-06-14 22:27:11;BTCUSDT;BUY;40,144.0400000000;0.0003130000BTC;12.56508452USDT;0.0000253900BNB
2021-06-14 22:27:11;BTCUSDT;BUY;40,144.0400000000;0.0003050000BTC;12.24393220USDT;0.0000253900BNB
2021-06-14 22:27:11;BTCUSDT;BUY;40,144.0400000000;0.0006190000BTC;24.84916076USDT;0.0000507900BNB
2021-06-14 22:27:11;BTCUSDT;BUY;40,144.0400000000;0.0002990000BTC;12.00306796USDT;0.0000245700BNB
2021-06-14 22:27:11;BTCUSDT;BUY;40,144.0400000000;0.0005150000BTC;20.67418060USDT;0.0000426000BNB
2021-06-14 22:27:11;BTCUSDT;BUY;40,144.0400000000;0.0004630000BTC;18.58669052USDT;0.0000376800BNB
2021-06-14 22:27:11;BTCUSDT;BUY;40,144.0400000000;0.0002550000BTC;10.23673020USDT;0.0000213000BNB
2021-06-14 22:27:11;BTCUSDT;BUY;40,144.0400000000;0.0002950000BTC;11.84249180USDT;0.0000245700BNB
2021-06-14 22:27:11;BTCUSDT;BUY;40,144.0400000000;0.0003390000BTC;13.60882956USDT;0.0000278500BNB
2021-06-14 22:27:11;BTCUSDT;BUY;40,144.0400000000;0.0003220000BTC;12.92638088USDT;0.0000262100BNB
2021-06-14 22:27:11;BTCUSDT;BUY;40,144.0400000000;0.0003090000BTC;12.40450836USDT;0.0000253900BNB
2021-06-14 22:27:11;BTCUSDT;BUY;40,144.0400000000;0.0003170000BTC;12.72566068USDT;0.0000262100BNB
2021-06-14 22:27:11;BTCUSDT;BUY;40,144.0400000000;0.0002800000BTC;11.24033120USDT;0.0000229300BNB
2021-06-14 22:27:11;BTCUSDT;BUY;40,144.0400000000;0.0002540000BTC;10.19658616USDT;0.0000204800BNB
2021-06-14 22:27:11;BTCUSDT;BUY;40,144.0400000000;0.0002530000BTC;10.15644212USDT;0.0000204800BNB
2021-06-14 22:27:11;BTCUSDT;BUY;40,144.0400000000;0.1041720000BTC;4,181.88493488USDT;0.0085347900BNB
2021-06-14 22:27:11;BTCUSDT;BUY;40,144.0400000000;0.0002570000BTC;10.31701828USDT;0.0000213000BNB
2021-06-14 22:27:11;BTCUSDT;BUY;40,144.0400000000;0.0002610000BTC;10.47759444USDT;0.0000213000BNB
2021-06-14 22:27:11;BTCUSDT;BUY;40,144.0400000000;0.0002720000BTC;10.91917888USDT;0.0000221100BNB
2021-06-14 22:27:11;BTCUSDT;BUY;40,144.0400000000;0.0003100000BTC;12.44465240USDT;0.0000253900BNB
2021-06-14 22:27:11;BTCUSDT;BUY;40,144.0400000000;0.0000740000BTC;2.97065896USDT;0.0000057300BNB
2021-06-14 22:27:11;BTCUSDT;BUY;40,144.0400000000;0.0003020000BTC;12.12350008USDT;0.0000245700BNB
2021-06-14 22:27:11;BTCUSDT;BUY;40,144.0400000000;0.0002760000BTC;11.07975504USDT;0.0000229300BNB
2021-06-14 22:27:11;BTCUSDT;BUY;40,144.0400000000;0.0005420000BTC;21.75806968USDT;0.0000442400BNB
2021-06-14 22:27:11;BTCUSDT;BUY;40,144.0400000000;0.0012150000BTC;48.77500860USDT;0.0000999500BNB
2021-06-14 22:27:11;BTCUSDT;BUY;40,144.0400000000;0.0005220000BTC;20.95518888USDT;0.0000426000BNB
2021-06-14 22:27:11;BTCUSDT;BUY;40,144.0400000000;0.0002520000BTC;10.11629808USDT;0.0000204800BNB
2021-06-14 22:27:11;BTCUSDT;BUY;40,144.0400000000;0.0015060000BTC;60.45692424USDT;0.0001237100BNB
2021-06-14 22:27:11;BTCUSDT;BUY;40,144.0400000000;0.0003030000BTC;12.16364412USDT;0.0000245700BNB
2021-06-14 22:27:11;BTCUSDT;BUY;40,144.0400000000;0.0002690000BTC;10.79874676USDT;0.0000221100BNB
2021-06-14 22:27:11;BTCUSDT;BUY;40,144.0400000000;0.0002580000BTC;10.35716232USDT;0.0000213000BNB
2021-06-14 22:27:11;BTCUSDT;BUY;40,144.0400000000;0.0002520000BTC;10.11629808USDT;0.0000204800BNB
2021-06-14 22:27:11;BTCUSDT;BUY;40,144.0400000000;0.0003170000BTC;12.72566068USDT;0.0000262100BNB
2021-06-14 22:27:11;BTCUSDT;BUY;40,144.0400000000;0.0003850000BTC;15.45545540USDT;0.0000319500BNB
2021-06-14 22:27:11;BTCUSDT;BUY;40,144.0400000000;0.0004600000BTC;18.46625840USDT;0.0000376800BNB
2021-06-14 22:27:11;BTCUSDT;BUY;40,144.0400000000;0.0003070000BTC;12.32422028USDT;0.0000253900BNB
2021-06-14 22:27:11;BTCUSDT;BUY;40,144.0400000000;0.0003690000BTC;14.81315076USDT;0.0000303000BNB
2021-06-14 22:27:11;BTCUSDT;BUY;40,144.0400000000;0.0002710000BTC;10.87903484USDT;0.0000221100BNB
2021-06-14 22:27:11;BTCUSDT;BUY;40,144.0400000000;0.0002650000BTC;10.63817060USDT;0.0000221100BNB
2021-06-14 22:27:11;BTCUSDT;BUY;40,144.0400000000;0.0002560000BTC;10.27687424USDT;0.0000213000BNB
2021-06-14 22:27:11;BTCUSDT;BUY;40,144.0400000000;0.0074340000BTC;298.43079336USDT;0.0006087400BNB
2021-06-14 22:27:11;BTCUSDT;BUY;40,144.0400000000;0.0002500000BTC;10.03601000USDT;0.0000204800BNB
2021-06-14 22:27:11;BTCUSDT;BUY;40,144.0400000000;0.0003080000BTC;12.36436432USDT;0.0000253900BNB
2021-06-14 22:27:11;BTCUSDT;BUY;40,144.0400000000;0.0003120000BTC;12.52494048USDT;0.0000253900BNB
2021-06-14 22:27:11;BTCUSDT;BUY;40,144.0400000000;0.0002650000BTC;10.63817060USDT;0.0000221100BNB
2021-06-14 22:27:11;BTCUSDT;BUY;40,144.0400000000;0.0002850000BTC;11.44105140USDT;0.0000237600BNB
2021-06-14 22:27:11;BTCUSDT;BUY;40,144.0400000000;0.0003290000BTC;13.20738916USDT;0.0000270300BNB
2021-06-14 22:27:11;BTCUSDT;BUY;40,144.0400000000;0.0002540000BTC;10.19658616USDT;0.0000204800BNB
2021-06-14 22:27:11;BTCUSDT;BUY;40,144.0400000000;0.0003070000BTC;12.32422028USDT;0.0000253900BNB
2021-06-14 22:27:11;BTCUSDT;BUY;40,144.0400000000;0.0002790000BTC;11.20018716USDT;0.0000229300BNB
2021-06-14 22:27:11;BTCUSDT;BUY;40,144.0400000000;0.0002640000BTC;10.59802656USDT;0.0000213000BNB
2021-06-14 22:27:11;BTCUSDT;BUY;40,144.0400000000;0.0002730000BTC;10.95932292USDT;0.0000221100BNB
2021-06-14 22:27:11;BTCUSDT;BUY;40,144.0400000000;0.0003870000BTC;15.53574348USDT;0.0000319500BNB
2021-06-14 22:27:11;BTCUSDT;BUY;40,144.0400000000;0.0002900000BTC;11.64177160USDT;0.0000237600BNB
2021-06-14 22:27:11;BTCUSDT;BUY;40,144.0400000000;0.0002830000BTC;11.36076332USDT;0.0000229300BNB
2021-06-14 22:27:11;BTCUSDT;BUY;40,144.0400000000;0.0004810000BTC;19.30928324USDT;0.0000393200BNB
2021-06-14 22:27:11;BTCUSDT;BUY;40,144.0400000000;0.0002930000BTC;11.76220372USDT;0.0000237600BNB
2021-06-14 22:27:11;BTCUSDT;BUY;40,144.0400000000;0.0002550000BTC;10.23673020USDT;0.0000213000BNB
2021-06-14 22:27:11;BTCUSDT;BUY;40,144.0400000000;0.0007910000BTC;31.75393564USDT;0.0000647200BNB
2021-06-14 22:27:11;BTCUSDT;BUY;40,144.0400000000;0.0002600000BTC;10.43745040USDT;0.0000213000BNB
2021-06-14 22:27:11;BTCUSDT;BUY;40,144.0400000000;0.0002540000BTC;10.19658616USDT;0.0000204800BNB
2021-06-14 22:27:11;BTCUSDT;BUY;40,144.0400000000;0.0023730000BTC;95.26180692USDT;0.0001941700BNB
2021-06-14 22:27:11;BTCUSDT;BUY;40,144.0400000000;0.0003030000BTC;12.16364412USDT;0.0000245700BNB
2021-06-14 22:27:11;BTCUSDT;BUY;40,144.0400000000;0.0003140000BTC;12.60522856USDT;0.0000253900BNB
2021-06-14 22:27:11;BTCUSDT;BUY;40,144.0400000000;0.0019070000BTC;76.55468428USDT;0.0001564800BNB
2021-06-14 22:27:11;BTCUSDT;BUY;40,144.0400000000;0.0003000000BTC;12.04321200USDT;0.0000245700BNB
2021-06-14 22:27:11;BTCUSDT;BUY;40,144.0400000000;0.0002970000BTC;11.92277988USDT;0.0000245700BNB
2021-06-14 22:27:11;BTCUSDT;BUY;40,144.0400000000;0.0007450000BTC;29.90730980USDT;0.0000614400BNB
2021-06-14 22:27:11;BTCUSDT;BUY;40,144.0400000000;0.0002540000BTC;10.19658616USDT;0.0000204800BNB
2021-06-14 22:27:11;BTCUSDT;BUY;40,144.0400000000;0.0015070000BTC;60.49706828USDT;0.0001237100BNB
2021-06-14 22:27:11;BTCUSDT;BUY;40,144.0400000000;0.0003040000BTC;12.20378816USDT;0.0000245700BNB
2021-06-14 22:27:11;BTCUSDT;BUY;40,144.0400000000;0.0002710000BTC;10.87903484USDT;0.0000221100BNB
2021-06-14 22:27:11;BTCUSDT;BUY;40,144.0400000000;0.0004850000BTC;19.46985940USDT;0.0000401400BNB
2021-06-14 22:27:11;BTCUSDT;BUY;40,144.0400000000;0.0003010000BTC;12.08335604USDT;0.0000245700BNB
2021-06-14 22:27:11;BTCUSDT;BUY;40,144.0400000000;0.0002530000BTC;10.15644212USDT;0.0000204800BNB
2021-06-14 16:46:10;BTCUSDT;SELL;40,004.1100000000;0.0053230000BTC;212.94187753USDT;0.0004334100BNB
2021-06-14 16:46:10;BTCUSDT;SELL;40,006.1200000000;0.2064000000BTC;8,257.26316800USDT;0.0168069100BNB
2021-06-14 16:46:10;BTCUSDT;SELL;40,004.1100000000;0.0005970000BTC;23.88245367USDT;0.0000486000BNB
2021-06-14 16:46:10;BTCUSDT;SELL;40,003.7500000000;0.0011840000BTC;47.36444000USDT;0.0000964000BNB
2021-06-13 18:38:08;BTCUSDT;BUY;37,384.9100000000;0.0164340000BTC;614.38361094USDT;0.0013163600BNB
2021-06-13 11:30:11;BTCUSDT;BUY;35,911.8700000000;0.0540920000BTC;1,942.54487204USDT;0.0043115600BNB
2021-06-13 11:30:11;BTCUSDT;BUY;35,912.0700000000;0.1680670000BTC;6,035.63386869USDT;0.0133970100BNB
2021-06-10 17:47:10;BTCUSDT;SELL;36,510.6200000000;0.0210760000BTC;769.49782712USDT;0.0016426700BNB
2021-06-09 19:54:10;BTCUSDT;SELL;36,324.0100000000;0.2183730000BTC;7,932.18303573USDT;0.0162033600BNB
2021-06-09 16:36:10;BTCUSDT;BUY;36,270.9000000000;0.0116210000BTC;421.50412890USDT;0.0008654400BNB
2021-06-09 16:36:10;BTCUSDT;BUY;36,270.9000000000;0.0078470000BTC;284.61775230USDT;0.0005846500BNB
2021-06-09 07:24:09;BTCUSDT;BUY;34,121.7900000000;0.0200000000BTC;682.43580000USDT;0.0014326500BNB
2021-06-09 07:24:09;BTCUSDT;BUY;34,122.4400000000;0.0325000000BTC;1,108.97930000USDT;0.0023280700BNB
2021-06-09 07:24:09;BTCUSDT;BUY;34,120.0000000000;0.0009510000BTC;32.44812000USDT;0.0000680400BNB
2021-06-09 07:24:09;BTCUSDT;BUY;34,122.4400000000;0.0211330000BTC;721.10952452USDT;0.0015136000BNB
2021-06-09 07:24:09;BTCUSDT;BUY;34,121.7800000000;0.0581980000BTC;1,985.81935244USDT;0.0041690400BNB
2021-06-09 07:24:09;BTCUSDT;BUY;34,122.0000000000;0.0200000000BTC;682.44000000USDT;0.0014326500BNB
2021-06-09 07:24:09;BTCUSDT;BUY;34,121.0700000000;0.0075900000BTC;258.97892130USDT;0.0005436900BNB
2021-06-09 07:24:09;BTCUSDT;BUY;34,121.7800000000;0.0380630000BTC;1,298.77731214USDT;0.0027263500BNB
2021-06-09 07:24:09;BTCUSDT;BUY;34,119.4600000000;0.0185900000BTC;634.28076140USDT;0.0013316500BNB
2021-06-09 07:24:09;BTCUSDT;BUY;34,119.4600000000;0.0029560000BTC;100.85712376USDT;0.0002120300BNB
2021-06-07 20:54:09;BTCUSDT;SELL;34,367.0100000000;0.2441740000BTC;8,391.53029974USDT;0.0170763000BNB
2021-06-07 02:55:10;BTCUSDT;BUY;36,616.1900000000;0.0160010000BTC;585.89565619USDT;0.0010851800BNB
2021-06-07 02:34:09;BTCUSDT;BUY;36,584.6900000000;0.0137550000BTC;503.22241095USDT;0.0009329100BNB
2021-06-07 02:34:09;BTCUSDT;BUY;36,584.6800000000;0.0005460000BTC;19.97523528USDT;0.0000372800BNB
2021-06-07 01:14:08;BTCUSDT;BUY;36,200.0000000000;0.2138720000BTC;7,742.16640000USDT;0.0146205900BNB
2021-06-05 09:57:11;BTCUSDT;SELL;36,385.7500000000;0.0209640000BTC;762.79086300USDT;0.0014168300BNB
2021-06-05 09:54:09;BTCUSDT;SELL;36,427.7200000000;0.2042520000BTC;7,440.43466544USDT;0.0137947200BNB
2021-06-05 02:07:09;BTCUSDT;BUY;37,656.5600000000;0.0015910000BTC;59.91158696USDT;0.0001095800BNB
2021-06-05 02:07:09;BTCUSDT;BUY;37,657.2300000000;0.2108930000BTC;7,941.64620639USDT;0.0145347700BNB
2021-06-04 01:24:09;BTCUSDT;SELL;37,802.8200000000;0.0776260000BTC;2,934.48170532USDT;0.0054771600BNB
2021-06-04 01:24:09;BTCUSDT;SELL;37,804.6000000000;0.0012500000BTC;47.25575000USDT;0.0000882000BNB
2021-06-04 01:24:09;BTCUSDT;SELL;37,805.6400000000;0.1525100000BTC;5,765.73815640USDT;0.0107616700BNB
2021-06-03 06:33:10;BTCUSDT;BUY;38,708.4300000000;0.0138570000BTC;536.38271451USDT;0.0009671500BNB
2021-06-02 08:06:09;BTCUSDT;BUY;37,179.2100000000;0.0138770000BTC;515.93589717USDT;0.0010266200BNB
2021-06-02 08:05:08;BTCUSDT;BUY;37,260.1000000000;0.1969740000BTC;7,339.27093740USDT;0.0145961300BNB
2021-06-01 02:20:10;BTCUSDT;SELL;36,757.4700000000;0.2089380000BTC;7,680.03226686USDT;0.0166502100BNB
2021-06-01 02:20:10;BTCUSDT;SELL;36,757.4700000000;0.0044180000BTC;162.39450246USDT;0.0003520600BNB
2021-05-31 12:28:09;BTCUSDT;BUY;36,992.3300000000;0.0136200000BTC;503.83553460USDT;0.0010771800BNB
2021-05-31 08:08:10;BTCUSDT;BUY;35,645.3100000000;0.1981850000BTC;7,064.36576235USDT;0.0162557400BNB
2021-05-31 00:05:10;BTCUSDT;SELL;35,804.3900000000;0.2143420000BTC;7,674.38456138USDT;0.0177648900BNB
2021-05-30 19:17:10;BTCUSDT;BUY;36,141.6000000000;0.0170560000BTC;616.43112960USDT;0.0013910600BNB
2021-05-30 17:48:09;BTCUSDT;BUY;35,816.4300000000;0.2182470000BTC;7,816.82839821USDT;0.0178873800BNB
2021-05-28 05:49:10;BTCUSDT;SELL;36,845.0300000000;0.0139750000BTC;514.90929425USDT;0.0011170300BNB
2021-05-27 17:20:10;BTCUSDT;SELL;39,087.4500000000;0.1439520000BTC;5,626.71660240USDT;0.0113264900BNB
2021-05-27 17:20:10;BTCUSDT;SELL;39,087.4500000000;0.0444290000BTC;1,736.61631605USDT;0.0034957800BNB
2021-05-27 11:35:10;BTCUSDT;BUY;39,453.5200000000;0.1759370000BTC;6,941.33394824USDT;0.0139295800BNB
2021-05-27 11:35:10;BTCUSDT;BUY;39,455.8300000000;0.0198180000BTC;781.93563894USDT;0.0015691900BNB
2021-05-26 14:33:09;BTCUSDT;SELL;39,213.4500000000;0.0126220000BTC;494.95216590USDT;0.0010072800BNB
2021-05-26 10:16:10;BTCUSDT;SELL;39,761.4400000000;0.0596780000BTC;2,372.88321632USDT;0.0047825100BNB
2021-05-26 10:16:10;BTCUSDT;SELL;39,761.4400000000;0.1200000000BTC;4,771.37280000USDT;0.0096166500BNB
2021-05-25 23:09:09;BTCUSDT;BUY;38,238.5800000000;0.1499530000BTC;5,733.98978674USDT;0.0125670400BNB
2021-05-25 23:09:09;BTCUSDT;BUY;38,238.5800000000;0.0460470000BTC;1,760.77189326USDT;0.0038593600BNB
2021-05-16 16:15:09;BTCUSDT;SELL;47,994.6600000000;0.0159150000BTC;763.83501390USDT;0.0009921900BNB
2021-05-16 16:04:09;BTCUSDT;SELL;47,596.1900000000;0.0004200000BTC;19.99039980USDT;0.0000263100BNB
2021-05-16 16:04:09;BTCUSDT;SELL;47,596.1900000000;0.1520990000BTC;7,239.33290281USDT;0.0095293600BNB
2021-05-16 11:07:09;BTCUSDT;BUY;49,449.9300000000;0.0115030000BTC;568.82254479USDT;0.0007075400BNB
2021-05-16 07:23:09;BTCUSDT;BUY;49,000.0000000000;0.1548690000BTC;7,588.58100000USDT;0.0097476000BNB
2021-05-15 07:20:08;BTCUSDT;SELL;48,649.9400000000;0.0116980000BTC;569.10699812USDT;0.0007364400BNB
2021-05-14 20:56:08;BTCUSDT;SELL;49,157.7600000000;0.1563950000BTC;7,688.02787520USDT;0.0097983000BNB
2021-05-14 15:47:08;BTCUSDT;BUY;51,065.1900000000;0.0104450000BTC;533.37590955USDT;0.0006570600BNB
2021-05-14 15:46:08;BTCUSDT;BUY;51,125.9900000000;0.1626110000BTC;8,313.64835989USDT;0.0102244600BNB
2021-05-12 18:35:08;BTCUSDT;SELL;54,141.4300000000;0.0162890000BTC;881.90975327USDT;0.0010481800BNB
2021-05-12 15:36:10;BTCUSDT;SELL;55,448.8300000000;0.1456910000BTC;8,078.39549153USDT;0.0092946100BNB
2021-05-12 03:57:08;BTCUSDT;BUY;57,728.0100000000;0.0098440000BTC;568.27453044USDT;0.0006233100BNB
2021-05-12 01:17:09;BTCUSDT;BUY;57,103.7900000000;0.1481750000BTC;8,461.35408325USDT;0.0094582900BNB
2021-05-10 18:47:09;BTCUSDT;SELL;56,981.8700000000;0.0112400000BTC;640.47621880USDT;0.0007258200BNB
2021-05-10 15:03:10;BTCUSDT;SELL;57,170.4000000000;0.0910950000BTC;5,207.93758800USDT;0.0059541900BNB
2021-05-10 15:03:10;BTCUSDT;SELL;57,170.4100000000;0.0506000000BTC;2,892.82274600USDT;0.0033073400BNB
2021-05-10 03:47:11;BTCUSDT;BUY;59,292.4800000000;0.0093860000BTC;556.51921728USDT;0.0006188400BNB
2021-05-10 01:54:10;BTCUSDT;BUY;58,837.1900000000;0.1379270000BTC;8,115.23710513USDT;0.0089309700BNB
2021-05-09 12:29:09;BTCUSDT;SELL;56,916.8800000000;0.1578510000BTC;8,984.38642488USDT;0.0102960300BNB
2021-05-07 13:23:09;BTCUSDT;BUY;57,150.6800000000;0.0043740000BTC;249.97707432USDT;0.0002975100BNB
2021-05-07 13:23:09;BTCUSDT;BUY;57,150.6800000000;0.0032210000BTC;184.08234028USDT;0.0002192200BNB
2021-05-07 13:23:09;BTCUSDT;BUY;57,150.6800000000;0.0025740000BTC;147.10585032USDT;0.0001749600BNB
2021-05-07 13:22:10;BTCUSDT;BUY;57,130.0000000000;0.0046760000BTC;267.13988000USDT;0.0003190200BNB
2021-05-07 13:22:10;BTCUSDT;BUY;57,130.0000000000;0.0006980000BTC;39.87674000USDT;0.0000477100BNB
2021-05-07 13:22:10;BTCUSDT;BUY;57,130.0000000000;0.1518910000BTC;8,677.53283000USDT;0.0103542500BNB
2021-05-06 18:43:10;BTCUSDT;SELL;55,670.3300000000;0.0165360000BTC;920.56457688USDT;0.0011067300BNB
2021-05-06 18:43:10;BTCUSDT;SELL;55,677.5300000000;0.0156040000BTC;868.79217812USDT;0.0010444900BNB
2021-05-06 18:43:10;BTCUSDT;SELL;55,681.4700000000;0.0040000000BTC;222.72588000USDT;0.0002677600BNB
2021-05-06 18:43:10;BTCUSDT;SELL;55,675.0600000000;0.0711860000BTC;3,963.28482116USDT;0.0047648200BNB
2021-05-06 18:43:10;BTCUSDT;SELL;55,671.0000000000;0.0100000000BTC;556.71000000USDT;0.0006693000BNB
2021-05-06 18:43:10;BTCUSDT;SELL;55,675.7200000000;0.0400000000BTC;2,227.02880000USDT;0.0026774200BNB
2021-05-06 18:43:10;BTCUSDT;SELL;55,673.1700000000;0.0089800000BTC;499.94506660USDT;0.0006010500BNB
2021-05-05 14:06:09;BTCUSDT;BUY;55,908.9400000000;0.0020950000BTC;117.12922930USDT;0.0001355400BNB
2021-05-05 14:06:09;BTCUSDT;BUY;55,907.7600000000;0.0113860000BTC;636.56575536USDT;0.0007352100BNB
2021-05-05 14:04:09;BTCUSDT;BUY;56,032.8200000000;0.1528250000BTC;8,563.21571650USDT;0.0098532100BNB
2021-05-04 01:01:10;BTCUSDT;SELL;55,400.4900000000;0.0032470000BTC;179.88539103USDT;0.0002094000BNB
2021-05-04 01:01:10;BTCUSDT;SELL;55,407.5700000000;0.0000700000BTC;3.87852990USDT;0.0000045000BNB
2021-05-04 01:01:10;BTCUSDT;SELL;55,405.2200000000;0.0096440000BTC;534.32794168USDT;0.0006219900BNB
2021-05-04 00:55:11;BTCUSDT;SELL;55,661.9200000000;0.1630010000BTC;9,072.94862192USDT;0.0105261300BNB
2021-05-03 02:50:09;BTCUSDT;BUY;58,093.9000000000;0.0094750000BTC;550.43970250USDT;0.0006596100BNB
2021-05-03 02:05:08;BTCUSDT;BUY;58,064.0900000000;0.0109440000BTC;635.45340096USDT;0.0007551700BNB
2021-05-03 01:32:09;BTCUSDT;BUY;57,668.0500000000;0.0025200000BTC;145.32348600USDT;0.0001743600BNB
2021-05-03 01:32:09;BTCUSDT;BUY;57,668.0500000000;0.0025200000BTC;145.32348600USDT;0.0001743600BNB
2021-05-03 01:32:09;BTCUSDT;BUY;57,677.9000000000;0.0052520000BTC;302.92433080USDT;0.0003632700BNB
2021-05-03 01:32:09;BTCUSDT;BUY;57,668.0500000000;0.0025030000BTC;144.34312915USDT;0.0001729800BNB
2021-05-03 01:32:09;BTCUSDT;BUY;57,668.0500000000;0.0025200000BTC;145.32348600USDT;0.0001743600BNB
2021-05-03 01:32:09;BTCUSDT;BUY;57,668.0500000000;0.0025200000BTC;145.32348600USDT;0.0001743600BNB
2021-05-03 01:32:09;BTCUSDT;BUY;57,668.0500000000;0.0250000000BTC;1,441.70125000USDT;0.0017298600BNB
2021-05-03 01:32:09;BTCUSDT;BUY;57,668.0500000000;0.0025200000BTC;145.32348600USDT;0.0001743600BNB
2021-05-03 01:32:09;BTCUSDT;BUY;57,668.0500000000;0.0025200000BTC;145.32348600USDT;0.0001743600BNB
2021-05-03 01:32:09;BTCUSDT;BUY;57,675.6600000000;0.0080000000BTC;461.40528000USDT;0.0005535500BNB
2021-05-03 01:32:09;BTCUSDT;BUY;57,668.0500000000;0.0025200000BTC;145.32348600USDT;0.0001743600BNB
2021-05-03 01:32:09;BTCUSDT;BUY;57,668.0500000000;0.0164760000BTC;950.13879180USDT;0.0011403200BNB
2021-05-03 01:32:09;BTCUSDT;BUY;57,668.0500000000;0.0177330000BTC;1,022.62753065USDT;0.0012268100BNB
2021-05-03 01:32:09;BTCUSDT;BUY;57,668.0500000000;0.0025200000BTC;145.32348600USDT;0.0001743600BNB
2021-05-03 01:32:09;BTCUSDT;BUY;57,668.0500000000;0.0025200000BTC;145.32348600USDT;0.0001743600BNB
2021-05-03 01:32:09;BTCUSDT;BUY;57,668.0500000000;0.0025200000BTC;145.32348600USDT;0.0001743600BNB
2021-05-03 01:32:09;BTCUSDT;BUY;57,677.9000000000;0.0402440000BTC;2,321.18940760USDT;0.0027843800BNB
2021-05-02 04:04:09;BTCUSDT;SELL;56,266.7800000000;0.1450650000BTC;8,162.34044070USDT;0.0102541800BNB
2021-05-02 04:04:09;BTCUSDT;SELL;56,262.3100000000;0.0182580000BTC;1,027.23725598USDT;0.0012904900BNB
2021-04-30 09:30:10;BTCUSDT;BUY;54,596.1500000000;0.0182300000BTC;995.28781450USDT;0.0012107000BNB
2021-04-30 09:29:09;BTCUSDT;BUY;54,638.9200000000;0.1561750000BTC;8,533.23333100USDT;0.0103723500BNB
2021-04-29 15:21:08;BTCUSDT;SELL;53,777.3100000000;0.1039940000BTC;5,592.51757614USDT;0.0070704300BNB
2021-04-29 15:21:08;BTCUSDT;SELL;53,777.3100000000;0.0776660000BTC;4,176.66855846USDT;0.0052804200BNB
2021-04-26 10:45:11;BTCUSDT;BUY;53,201.4500000000;0.0108500000BTC;577.23573250USDT;0.0008054100BNB
2021-04-26 02:55:10;BTCUSDT;BUY;51,856.2800000000;0.0122130000BTC;633.32074764USDT;0.0008998500BNB
2021-04-26 02:54:10;BTCUSDT;BUY;51,896.3300000000;0.1565600000BTC;8,124.88942480USDT;0.0115315400BNB
2021-04-25 20:57:10;BTCUSDT;SELL;48,138.8000000000;0.0129600000BTC;623.87884800USDT;0.0009564900BNB
2021-04-25 20:52:10;BTCUSDT;SELL;48,309.2200000000;0.1152480000BTC;5,567.54098656USDT;0.0085515300BNB
2021-04-25 20:52:10;BTCUSDT;SELL;48,309.2200000000;0.0417270000BTC;2,015.79882294USDT;0.0030961800BNB
2021-04-25 15:40:10;BTCUSDT;BUY;50,299.0700000000;0.0987910000BTC;4,969.09542437USDT;0.0072675300BNB
2021-04-25 15:40:10;BTCUSDT;BUY;50,299.0700000000;0.0583610000BTC;2,935.50402427USDT;0.0042932700BNB
2021-04-25 08:47:10;BTCUSDT;SELL;50,067.5000000000;0.0526730000BTC;2,637.20542750USDT;0.0039842800BNB
2021-04-25 08:47:10;BTCUSDT;SELL;50,067.5000000000;0.0478050000BTC;2,393.47683750USDT;0.0036160500BNB
2021-04-25 08:47:10;BTCUSDT;SELL;50,067.5000000000;0.0419730000BTC;2,101.48317750USDT;0.0031749100BNB
2021-04-25 08:47:10;BTCUSDT;SELL;50,073.3500000000;0.0124770000BTC;624.76518795USDT;0.0009438900BNB
2021-04-24 19:44:11;BTCUSDT;BUY;50,753.9400000000;0.1641560000BTC;8,331.56377464USDT;0.0123165500BNB
2021-04-24 11:17:11;BTCUSDT;SELL;49,165.1900000000;0.0125040000BTC;614.76153576USDT;0.0009378500BNB
2021-04-24 10:34:10;BTCUSDT;SELL;49,081.3200000000;0.0003870000BTC;18.99447084USDT;0.0000284700BNB
2021-04-24 10:34:10;BTCUSDT;SELL;49,076.7800000000;0.0367150000BTC;1,801.85397770USDT;0.0027015900BNB
2021-04-24 10:34:10;BTCUSDT;SELL;49,080.8400000000;0.0323200000BTC;1,586.29274880USDT;0.0023783800BNB
2021-04-24 10:34:10;BTCUSDT;SELL;49,079.0300000000;0.0328090000BTC;1,610.23389527USDT;0.0024142800BNB
2021-04-24 10:34:10;BTCUSDT;SELL;49,076.7900000000;0.0275460000BTC;1,351.86925734USDT;0.0020269000BNB
2021-04-24 10:34:10;BTCUSDT;SELL;49,080.2900000000;0.0050650000BTC;248.59166885USDT;0.0003727200BNB
2021-04-24 10:34:10;BTCUSDT;SELL;49,077.4900000000;0.0100000000BTC;490.77490000USDT;0.0007358300BNB
2021-04-24 10:34:10;BTCUSDT;SELL;49,084.0000000000;0.0144960000BTC;711.52166400USDT;0.0010668000BNB
2021-04-23 20:46:11;BTCUSDT;BUY;50,992.3200000000;0.1495960000BTC;7,628.24710272USDT;0.0108370100BNB
2021-04-23 20:46:11;BTCUSDT;BUY;50,994.1800000000;0.0229420000BTC;1,169.90847756USDT;0.0016617600BNB